content /a /i /es	1	content__adj	sg_pl	m f
trabalhador /a /s /es	1	trabalhador__adj	sg_pl	m f
generau /s	1	generau__adj	sg_pl	mf
ampl/e /a /es /es	1	ampl/e__adj	sg_pl	m f
agricòl/a /es	1	agricòl/a__adj	sg_pl	mf
bèlg/a /ues	1	bèlg/a__adj	sg_pl	mf
barlò/ca /ques	1	barlò/ca__adj	sg_pl	mf
post	1	post__adj	sp	mf
cont/inu /ínua /inus /ínues	1	cont/inu__adj	sg_pl	m f
prop/ici /ícia /icis /ícies	1	prop/ici__adj	sg_pl	m f
lè/g /ja /gi /ges	1	lè/g__adj	sg_pl	m f
tranquil /la /li /les	1	tranquil__adj	sg_pl	m f
faus /sa /si /ses	1	faus__adj	sg_pl	m f
aran/és /esa /esi /eses	1	aran/és__adj	sg_pl	m f
esp/és /essa /essi /esses	1	esp/és__adj	sg_pl	m f
conf/ús /usa /usi /uses	1	conf/ús__adj	sg_pl	m f
perilh/ós /osa /osi /oses	1	perilh/ós__adj	sg_pl	m f
esc/às /assa /assi /asses	1	esc/às__adj	sg_pl	m f
prec/ís /isa /isi /ises	1	prec/ís__adj	sg_pl	m f
so/ís /ïssa /ïssi /ïsses	1	so/ís__adj	sg_pl	m f
long /a /ui /ues	1	long__adj	sg_pl	m f
representati/u /va /us /ves	1	representati/u__adj	sg_pl	m f
europè/u /a /us /es	1	europè/u__adj	sg_pl	m f
jusi/eu /eva /eus /eves	1	jusi/eu__adj	sg_pl	m f
espanhò/u /la /us /les	1	espanhò/u__adj	sg_pl	m f
tecni/c /ca /cs /ques	1	tecni/c__adj	sg_pl	m f
blan/c /ca /qui /ques	1	blan/c__adj	sg_pl	m f
anti/c /ga /cs /gues	1	anti/c__adj	sg_pl	m f
pò/c /ga /gui /gues	1	pò/c__adj	sg_pl	m f
do/ç /ça /ci /ces	1	do/ç__adj	sg_pl	m f
reproduct/or /ritz /ori /ritzes	1	reproduct/or__adj	sg_pl	m f
vesedo/r /ira /rs /ires	1	reproduct/or__adj	sg_pl	m f
sauvat/ge /ja /ges /ges	1	sauvat/ge__adj	sg_pl	m f
esqu/èr /erra /erri /erres	1	esqu/èr__adj	sg_pl	m f
apropria/t /da /di /des	1	apropria/t__adj	sg_pl	m f
estima/t /da /ts /des	1	estima/t__adj	sg_pl	m f
s/avi /àvia /avis /àvies	1	s/avi__adj	sg_pl	m f
r/anci /ància /ancis /àncies	1	r/anci__adj	sg_pl	m f
priorit/ari /ària /aris /àries	1	priorit/ari__adj	sg_pl	m f
mie/i /ja /is /ges	1	mie/i__adj	sg_pl	m f
nauè/th /ra /ths /res	1	nauè/th__adj	sg_pl	m f
