Români/a /ei 	1	Români/a__np	sg	f
Poliñi/a /e /ei 	1	Poliñi/a__np	sg	f
Bucureçti/ul /ului /i /lor 	1	Bucureçti__np	sg-pl	m
Hollywood/ul /ului 	1	Hollywood__np	sg	m
Israel/ul /ului 	1	Israel__np	sg	m
Europ/ä /a /ei 	1	Europ/a__np	sg	f
Afric/ä /a /ii 	1	Afric/a__np	sg	f
Ford/ul /ului 	1	Ford__np	sg	nt
SUA	1	SUA__np	pl	f
Shanghai	1	Shanghai__np	sg	m
Ion	1	Ion__np	sg	m
Mari/a /ei 	1	Mari/a__np	sg	f
