bun /ä /i /e	1	bun__adj	sg_pl	m f
destu /l /lä /i	1	destu/l__adj	sg_pl	m f
no /u /uä /i	1	no/u__adj	sg_pl	m f
bru /sc /scä /çti	1	bru/sc__adj	sg_pl	m f
sf /ânt /ântä /inñi	1	sf/ânt__adj	sg_pl	m f
to /nt /antä /nñi	1	to/nt__adj	sg_pl	m f
ca /st /stä /çti	1	ca/st__adj	sg_pl	m f
comple /x /xä /cçi	1	comple/x__adj	sg_pl	m f
cre /ñ /añä /ñi	1	cre/ñ__adj	sg_pl	m f
o /rb /arbä /rbi	1	o/rb__adj	sg_pl	m f
ver /de /zi	1	ver/de__adj	sg_pl	mf
sno /b /abä /bi	1	sno/b__adj	sg_pl	m f
vech /i /e	1	no/u__adj	sg_pl	m f
acr /u /ä /i	1	acr/u__adj	sg_pl	m f
absur /d /dä /zi	1	absur/d__adj	sg_pl	m f
europe /an /anä /ni	1	europe/an__adj	sg_pl	m f
mic /ä /i	1	mic__adj	sg_pl	m f
mar /e /i	1	mar/e__adj	sg_pl	mf
auri /u /e /i	1	auri/u__adj	sg_pl	m f
roç /u /ie /ii	1	roç/u__adj	sg_pl	m f
diver /s /sä /çi	1	diver/s__adj	sg_pl	m f
curajo /s /asä /çi	1	curajo/s__adj	sg_pl	m f
de /s /asä /çi	1	de/s__adj	sg_pl	m f
che /l /alä /i	1	che/l__adj	sg_pl	m f
go /l /alä /i	1	go/l__adj	sg_pl	m f
române /sc /ascä /çti	1	române/sc__adj	sg_pl	m f
proasp /ät /ätä /eñi	1	proasp/ät__adj	sg_pl	m f
adevära /t /tä /ñi	1	adevära/t__adj	sg_pl	m f
dre /pt /aptä /pñi	1	dre/pt__adj	sg_pl	m f
arzäto /r /are /ri	1	arzäto/r__adj	sg_pl	m f
uço /r /arä /ri	1	uço/r__adj	sg_pl	m f
între /g /agä /gi	1	între/g__adj	sg_pl	m f
ne /gru /agrä /gri	1	ne/gru__adj	sg_pl	m f
alba /stru /strä /çtri	1	alba/stru__adj	sg_pl	m f
mo /ale /i	1	mo/ale__adj	sg_pl	mf
tre /az /azä /ji	1	tre/az__adj	sg_pl	m f
