abdominal /s	1	abdominal__adj	sg_pl	mf
agrícol/a /es	1	agrícol/a__adj	sg_pl	mf
trist /a /s /os /es	1	trist__adj	sg_pl	m f
annex /a /os /es	1	complex__adj	sg_pl	m f
absolut /a /s /es	1	absolut__adj	sg_pl	m f
bo /na /ns /nes	1	bo__adj	sg_pl	m f
ros /sa /sos /ses	1	ros__adj	sg_pl	m f
amarg /a /s /ues	1	amarg__adj	sg_pl	m f
tranquil /·la /s /·les	1	gal__adj	sg_pl	m f
lesbian/as /es	1	lesbian/a__adj	sg_pl	f
belg/a /ues	1	belg/a__adj	sg_pl	mf
r/anci /àncies /ancis /àncies	1	r/anci__adj	sg_pl	m f
contempor/ani /ànies /anis /ànies	1	contempor/ani__adj	sg_pl	m f
complement/ari /àries /aris /àries	1	adjudicat/ari__adj	sg_pl	m f
anti/c /ga /cs /gues	1	ce/c__adj	sg_pl	m f
asimètri/c /ca /cs /ques	1	acadèmi/c__adj	sg_pl	m f
bas/c /ca /cs /cos /ques	1	bas/c__adj	sg_pl	m f
ma/co /ca /cos /ques	1	blan/c__adj	sg_pl	m f
maldrestr/e /a /es /es	1	adept/e__adj	sg_pl	mf
heterog/eni /ènia /enis /ènies	1	heterog/eni__adj	sg_pl	m f
indon/esi /èsia /esis /èsies	1	indon/esi__adj	sg_pl	m f
perp/etu /ètua /etus /ètues	1	perp/etu__adj	sg_pl	m f
pr/evi /èvia /evis /èvies	1	pr/evi__adj	sg_pl	m f
mi/g /tja /tjos /tges	1	mi/g__adj	sg_pl	m f
lle/ig /tja /tjos /tges	1	lle/ig__adj	sg_pl	m f
bo/ig /ja /jos /ges	1	bo/ig__adj	sg_pl	m f
amf/ibi /íbia /ibis /íbies	1	amf/ibi__adj	sg_pl	m f
fict/ici /ícia /icis /ícies	1	fict/ici__adj	sg_pl	m f
ass/idu /ídua /idus /ídues	1	ass/idu__adj	sg_pl	m f
sangu/ini /ínia /inis /ínies	1	sangu/ini__adj	sg_pl	m f
cont/inu /ínua /inus /ínues	1	cont/inu__adj	sg_pl	m f
eg/ipci /ípcia /ipcis /ípcies	1	eg/ipci__adj	sg_pl	m f
guarr/o /a /os /es	1	guarr/o__adj	sg_pl	m f
s/obri /òbria /obris /òbries	1	s/obri__adj	sg_pl	m f
err/oni /ònia /onis /ònies	1	err/oni__adj	sg_pl	m f
pr/opi /òpia /opis /òpies	1	pr/opi__adj	sg_pl	m f
s/avi /àvia /avis /àvies	1	s/avi__adj	sg_pl	m f
t/ebi /èbia /ebis /èbies	1	t/ebi__adj	sg_pl	m f
interm/edi /èdia /edis /èdies	1	interm/edi__adj	sg_pl	m f
boh/emi /èmia /emis /èmies	1	boh/emi__adj	sg_pl	m f
satisfact/ori /òria /oris /òries	1	access/ori__adj	sg_pl	m f
ing/enu /ènua /enus /ènues	1	ing/enu__adj	sg_pl	m f
a/eri /èria /eris /èries	1	a/eri__adj	sg_pl	m f
afortuna/t /da /ts /des	1	afortuna/t__adj	sg_pl	m f
europe/u /a /us /es	1	ate/u__adj	sg_pl	m f
acti/u /va /us /ves	1	abusi/u__adj	sg_pl	m f
ambig/u /ua /us /ües	1	ambig/u__adj	sg_pl	m f
vag/ue /a /ues /ues	1	vag/ue__adj	sg_pl	m f
m/utu /útua /utus /útues	1	m/utu__adj	sg_pl	m f
afric/à /ana /ans /anes	1	afric/à__adj	sg_pl	m f
esc/às /asa /assos /asses	1	esc/às__adj	sg_pl	m f
feli/ç /ç /ços /ces	1	feli/ç__adj	sg_pl	m f
dol/ç /ça /ços /ces	1	dol/ç__adj	sg_pl	m f
ali/è /ena /ens /enes	1	ali/è__adj	sg_pl	m f
afga/ès /esa /esos /eses	1	afgan/ès__adj	sg_pl	m f
esp/ès /essa /essos /esses	1	esp/ès__adj	sg_pl	m f
alacant/í /ina /ins /ines	1	alacant/í__adj	sg_pl	m f
genu/í /ïna /ïns /ïnes	1	genu/í__adj	sg_pl	m f
af/í /ins	1	af/í__adj	sg_pl	mf
imprec/ís /isa /isos /ises	1	imprec/ís__adj	sg_pl	m f
cast/ís /issa /issos /isses	1	cast/ís__adj	sg_pl	m f
su/ís /ïssa /ïssos /ïsses	1	su/ís__adj	sg_pl	m f
amfitri/ó /ona /ons /ones	1	amfitri/ó__adj	sg_pl	m f
marr/ó /ons	1	marr/ó__adj	sg_pl	m
amist/ós /osa /osos /oses	1	aliment/ós__adj	sg_pl	m f
com/ú /una /unos /unes	1	com/ú__adj	sg_pl	m f
andal/ús /usa /usos /uses	1	andal/ús__adj	sg_pl	m f
multi/ús /usos	1	multi/ús__adj	sg_pl	mf
express	1	multimèdia__adj	sp	mf
